City_ID,City,Lat,Lng,Max Temp,Humidity,Cloudiness,Wind Speed,Country,Date
0,itoman,26.1247,127.6694,16.01,67,40,5.14,JP,1676499981
1,fereydun kenar,36.6864,52.5225,7.63,69,7,0.64,IR,1676499982
2,bengkulu,-3.8004,102.2655,23.39,90,100,1.92,ID,1676499949
3,albany,42.6001,-73.9662,16.23,50,6,0.45,US,1676499984
4,katsuura,35.1333,140.3,3.08,59,37,6.27,JP,1676499985
5,ilhabela,-23.7781,-45.3581,26.96,83,96,1.84,BR,1676499986
6,hobart,-42.8794,147.3294,19.59,75,75,4.12,AU,1676499815
7,flinders,-34.5833,150.8552,23.47,76,45,2.68,AU,1676499987
8,fairbanks,64.8378,-147.7164,-13.21,74,75,1.54,US,1676499987
9,springbok,-29.6643,17.8865,14.54,85,0,1.79,ZA,1676499531
10,saint-chamond,45.4737,4.5254,4.79,86,100,0.0,FR,1676499988
11,port lincoln,-34.7333,135.8667,27.39,30,72,5.44,AU,1676499989
12,husavik,66.0449,-17.3389,-1.23,76,100,5.62,IS,1676499990
13,butaritari,3.0707,172.7902,27.09,79,13,4.82,KI,1676499991
14,bani walid,31.7566,13.9942,10.58,77,59,2.37,LY,1676499992
15,ribeira grande,38.5167,-28.7,15.99,72,76,6.26,PT,1676499992
16,progreso,21.2833,-89.6667,33.39,45,49,5.04,MX,1676499993
17,jamestown,42.097,-79.2353,17.8,36,0,9.26,US,1676499831
18,saint george,37.1041,-113.5841,6.81,34,75,6.26,US,1676499730
19,ushuaia,-54.8,-68.3,3.79,87,100,6.17,AR,1676499707
20,sur,22.5667,59.5289,23.56,37,24,3.57,OM,1676499996
21,kodiak,57.79,-152.4072,-4.27,50,0,5.14,US,1676499996
22,tasiilaq,65.6145,-37.6368,-6.91,76,93,2.49,GL,1676499997
23,mundra,22.85,69.7333,22.65,47,1,1.63,IN,1676499998
24,faya,18.3851,42.4509,14.29,57,30,2.85,SA,1676499998
25,mataura,-46.1927,168.8643,14.71,71,95,0.57,NZ,1676499999
26,poso,-1.3959,120.7524,24.78,79,94,1.42,ID,1676500000
27,ancud,-41.8697,-73.8203,13.93,61,80,2.65,CL,1676499494
28,yankton,42.8711,-97.3973,-8.27,73,0,8.75,US,1676500001
29,puerto ayora,-0.7393,-90.3518,29.98,83,54,2.24,EC,1676500002
30,chuy,-33.6971,-53.4616,21.53,51,9,4.96,UY,1676500003
31,new norfolk,-42.7826,147.0587,19.4,67,99,1.35,AU,1676500003
32,nemuro,43.3236,145.575,-10.31,78,11,5.56,JP,1676499511
33,sault sainte marie,46.5168,-84.3333,-1.69,86,100,15.95,CA,1676500005
34,anadyr,64.75,177.4833,-33.72,75,0,4.0,RU,1676500006
35,nazca,-14.8333,-74.95,26.48,65,99,3.91,PE,1676500006
36,hermanus,-34.4187,19.2345,18.22,80,83,5.86,ZA,1676500007
37,quepos,9.4236,-84.1652,29.07,63,3,2.27,CR,1676500007
38,avera,33.194,-82.5271,23.03,60,100,2.43,US,1676500008
39,esperance,-33.8667,121.9,15.31,78,0,1.52,AU,1676500008
40,kapaa,22.0752,-159.319,23.99,84,75,6.17,US,1676500009
41,karratha,-20.7377,116.8463,30.97,37,38,2.96,AU,1676500009
42,clyde river,70.4692,-68.5914,-32.87,68,40,7.2,CA,1676500010
43,yellowknife,62.456,-114.3525,-26.36,76,0,1.34,CA,1676500010
44,enderby,52.5878,-1.2062,7.04,92,87,3.29,GB,1676500011
45,lavrentiya,65.5833,-171.0,-29.86,93,23,1.87,RU,1676500011
46,atuona,-9.8,-139.0333,26.0,72,21,6.86,PF,1676499895
47,faanui,-16.4833,-151.75,27.71,73,12,5.02,PF,1676500012
48,rikitea,-23.1203,-134.9692,26.2,68,90,2.47,PF,1676500013
49,aklavik,68.2191,-135.0107,-29.0,76,75,1.03,CA,1676500013
50,sorland,67.667,12.6934,6.92,88,100,11.87,NO,1676500014
51,zemio,5.0314,25.1361,23.08,27,31,2.17,CF,1676500014
52,changping,40.2186,116.2197,-7.2,73,1,2.28,CN,1676500015
53,moroto,2.5345,34.6666,22.99,39,18,4.53,UG,1676500015
54,dzhebariki-khaya,62.2167,135.8,-47.83,100,63,0.65,RU,1676500016
55,bandarbeyla,9.4942,50.8122,24.17,70,39,4.64,SO,1676500017
56,hualmay,-11.0964,-77.6139,24.47,79,100,2.98,PE,1676500017
57,busselton,-33.65,115.3333,13.93,83,50,2.24,AU,1676500018
58,poum,-20.2333,164.0167,25.75,75,71,4.71,NC,1676500018
59,komsomolskiy,40.4272,71.7189,3.4,93,100,2.06,UZ,1676500019
60,georgetown,5.4112,100.3354,24.97,81,20,1.54,MY,1676499922
61,thompson,55.7435,-97.8558,-22.91,64,75,4.63,CA,1676499885
62,pacifica,37.6138,-122.4869,15.36,33,0,7.2,US,1676500020
63,hithadhoo,-0.6,73.0833,27.14,77,18,3.3,MV,1676500020
64,manaus,-3.1019,-60.025,27.27,89,75,2.06,BR,1676500021
65,acarau,-2.8856,-40.12,24.8,88,100,5.69,BR,1676500022
66,port alfred,-33.5906,26.891,21.21,97,100,0.89,ZA,1676500022
67,iaciara,-14.0958,-46.6317,25.42,47,12,0.52,BR,1676500023
68,kruisfontein,-34.0033,24.7314,21.05,89,100,2.41,ZA,1676500024
69,horki,54.2861,30.9842,-6.77,97,99,0.94,BY,1676500025
70,castro,-24.7911,-50.0119,19.59,96,100,2.89,BR,1676500027
71,the valley,18.217,-63.0578,26.08,69,40,5.14,AI,1676500028
72,aksu,41.1231,80.2644,-1.11,57,100,0.83,CN,1676500029
73,braives,50.6172,5.1351,7.32,87,100,3.5,BE,1676500030
74,vaini,-21.2,-175.2,26.09,89,75,1.54,TO,1676500031
75,richland,40.7834,-82.5499,18.94,30,0,8.23,US,1676500031
76,mahebourg,-20.4081,57.7,23.16,94,20,0.0,MU,1676500032
77,provideniya,64.3833,-173.3,-23.94,70,75,7.0,RU,1676500032
78,makakilo city,21.3469,-158.0858,26.18,59,75,4.63,US,1676500034
79,bambous virieux,-20.3428,57.7575,23.14,94,20,0.0,MU,1676500034
80,khani,41.9563,42.9566,-4.24,98,97,1.7,GE,1676500035
81,bluff,-46.6,168.3333,14.89,82,100,2.08,NZ,1676500036
82,bredasdorp,-34.5322,20.0403,19.59,82,55,4.49,ZA,1676500037
83,torbay,47.6666,-52.7314,-2.63,94,20,7.2,CA,1676500037
84,lata,40.1629,-8.3327,11.07,79,1,1.56,PT,1676500038
85,half moon bay,37.4636,-122.4286,15.46,32,0,7.2,US,1676499839
86,ukrayinka,47.9167,35.35,-3.79,89,88,4.0,UA,1676500039
87,balkanabat,39.5108,54.3671,5.24,57,0,3.24,TM,1676500040
88,cape town,-33.9258,18.4232,21.88,68,20,10.29,ZA,1676499926
89,pevek,69.7008,170.3133,-41.24,99,70,1.79,RU,1676500041
90,bridlington,54.0831,-0.1919,7.3,91,100,3.93,GB,1676500042
91,koumac,-20.5667,164.2833,26.15,73,73,3.83,NC,1676500043
92,barrow,71.2906,-156.7887,-27.99,69,0,4.12,US,1676500043
93,saskylakh,71.9167,114.0833,-16.83,97,100,2.78,RU,1676500044
94,ambilobe,-13.2,49.05,22.9,94,19,0.95,MG,1676500045
95,hamilton,39.1834,-84.5333,22.05,41,0,6.17,US,1676499492
96,saint-philippe,-21.3585,55.7679,23.77,84,47,4.76,RE,1676500046
97,mingshui,36.7167,117.5,0.44,48,0,2.87,CN,1676500047
98,nikolskoye,59.7035,30.7861,1.0,97,100,2.5,RU,1676500048
99,bonavista,48.6499,-53.1147,-2.8,78,6,7.59,CA,1676500048
100,mayo,38.8876,-76.5119,21.23,49,0,3.6,US,1676500049
101,hami,42.8,93.45,-1.93,45,11,0.48,CN,1676500050
102,la asuncion,11.0333,-63.8628,24.99,83,96,6.14,VE,1676500051
103,birao,10.2849,22.7882,23.33,18,10,5.29,CF,1676500052
104,punta arenas,-53.15,-70.9167,8.06,53,75,10.29,CL,1676500053
105,jumla,29.2747,82.1838,5.1,40,0,1.62,NP,1676500053
106,bethel,41.3712,-73.414,16.47,63,0,3.09,US,1676499938
107,riviere-au-renard,48.9957,-64.3971,2.16,93,100,4.33,CA,1676500056
108,yulara,-25.2406,130.9889,28.61,35,5,2.96,AU,1676500056
109,santa isabel do rio negro,-0.4139,-65.0192,25.32,93,99,0.96,BR,1676500058
110,samana,19.2056,-69.3369,25.98,81,11,4.55,DO,1676500059
111,isangel,-19.55,169.2667,26.74,69,100,4.21,VU,1676499767
112,kitimat,54.0524,-128.6534,2.21,30,100,1.78,CA,1676500060
113,cankuzo,-3.1333,30.5833,15.7,83,53,1.34,BI,1676500060
114,hilo,19.7297,-155.09,23.86,80,100,4.63,US,1676500061
115,vilaka,57.1846,27.6722,0.47,97,100,1.56,LV,1676500062
116,istok,42.7808,20.4875,2.65,73,1,0.84,XK,1676500062
117,san patricio,28.017,-97.5169,31.2,60,79,7.74,US,1676500063
118,dunedin,-45.8742,170.5036,15.45,73,93,5.36,NZ,1676499935
119,sergeyevka,53.88,67.4158,-21.64,98,46,1.6,KZ,1676500063
120,arraial do cabo,-22.9661,-42.0278,26.98,74,40,4.63,BR,1676499831
121,tiznit,29.5833,-9.5,6.64,90,100,2.78,MA,1676500064
122,nanortalik,60.1432,-45.2371,-6.57,62,100,4.03,GL,1676500065
123,sao joao da barra,-21.6403,-41.0511,27.05,90,100,6.81,BR,1676500065
124,biak,-0.9131,122.8766,24.99,76,100,1.61,ID,1676500066
125,bandar-e anzali,37.4727,49.4622,4.06,80,0,0.4,IR,1676500066
126,boyabat,41.4689,34.7667,0.46,84,96,1.99,TR,1676500067
127,mar del plata,-38.0023,-57.5575,22.83,60,0,5.66,AR,1676500065
128,cururupu,-1.8283,-44.8683,23.94,96,98,1.64,BR,1676500067
129,clarence town,-32.5833,151.7833,23.32,58,37,0.88,AU,1676500068
130,coihaique,-45.5752,-72.0662,14.34,41,40,4.63,CL,1676499935
131,tevaitoa,-16.7833,-151.5,27.71,74,16,5.1,PF,1676500069
132,nishihara,26.1842,127.7558,15.6,68,40,5.14,JP,1676500069
133,ulaanbaatar,47.9077,106.8832,-26.93,76,0,1.0,MN,1676500070
134,walvis bay,-22.9575,14.5053,18.53,82,5,4.12,NA,1676500070
135,cidreira,-30.1811,-50.2056,24.28,85,95,4.17,BR,1676500071
136,salalah,17.0151,54.0924,23.05,73,40,1.03,OM,1676500072
137,norman wells,65.282,-126.8329,-25.98,76,75,2.06,CA,1676500072
138,riyadh,24.6877,46.7219,13.08,51,64,6.02,SA,1676500073
139,peniche,39.3558,-9.3811,13.03,86,1,4.07,PT,1676500073
140,sao luiz gonzaga,-28.4083,-54.9608,30.1,39,61,1.32,BR,1676500074
141,honningsvag,70.9821,25.9704,1.86,80,40,10.29,NO,1676500074
142,port elizabeth,-33.918,25.5701,22.28,83,40,2.06,ZA,1676500075
143,saint-joseph,-21.3667,55.6167,23.21,83,27,4.44,RE,1676500075
144,lagoa,39.05,-27.9833,14.95,75,39,3.61,PT,1676500076
145,zvishavane,-20.3267,30.0665,20.21,93,97,2.76,ZW,1676500076
146,airai,-8.9266,125.4092,16.19,89,100,0.75,TL,1676500077
147,cabo san lucas,22.8909,-109.9124,23.12,59,20,7.72,MX,1676499952
148,tuatapere,-46.1333,167.6833,16.21,68,100,1.28,NZ,1676500078
149,tornio,65.8481,24.1466,-1.99,90,98,6.0,FI,1676500078
150,kanniyakumari,8.0833,77.5667,23.58,71,8,8.23,IN,1676500079
151,padang,-0.9492,100.3543,25.03,89,100,2.05,ID,1676500080
152,rawson,-43.3002,-65.1023,11.64,46,100,7.61,AR,1676499842
153,russkaya polyana,49.417,31.9201,-3.62,85,52,3.39,UA,1676500081
154,hay river,60.8156,-115.7999,-25.01,70,20,4.12,CA,1676500081
155,vila do maio,15.1333,-23.2167,20.44,78,0,9.25,CV,1676500082
156,upernavik,72.7868,-56.1549,-25.75,70,98,3.72,GL,1676500083
157,tuktoyaktuk,69.4541,-133.0374,-34.0,75,20,5.14,CA,1676500083
158,nelson bay,-32.7167,152.15,23.39,71,55,1.34,AU,1676500084
159,tibagi,-24.5094,-50.4136,20.87,99,100,1.4,BR,1676500085
160,bima,-8.4667,118.7167,23.9,92,100,0.24,ID,1676500085
161,leshukonskoye,64.8989,45.7622,-16.52,98,94,2.21,RU,1676500086
162,borogontsy,62.6683,131.1683,-45.57,100,62,1.03,RU,1676500087
163,luderitz,-26.6481,15.1594,18.34,81,0,8.87,NA,1676500088
164,pangody,65.85,74.4859,-15.67,94,100,4.36,RU,1676500089
165,palembang,-2.9167,104.7458,25.05,94,40,3.09,ID,1676499884
166,loandjili,-4.7561,11.8578,25.31,85,79,2.84,CG,1676500090
167,qaanaaq,77.484,-69.3632,-30.18,68,39,3.6,GL,1676500091
168,pitimbu,-7.4706,-34.8086,28.33,78,100,4.28,BR,1676500092
169,antofagasta,-23.65,-70.4,22.6,75,7,3.34,CL,1676499964
170,souillac,-20.5167,57.5167,23.21,94,20,0.0,MU,1676500093
171,scottsbluff,41.8666,-103.6672,-5.87,60,20,4.63,US,1676500093
172,srednekolymsk,67.45,153.6833,-37.97,99,99,1.98,RU,1676500094
173,pacific grove,36.6177,-121.9166,13.9,43,0,3.6,US,1676500095
174,labuhan,-6.8844,112.2051,24.62,88,100,4.06,ID,1676500096
175,chokurdakh,70.6333,147.9167,-41.32,99,98,0.7,RU,1676500097
176,lasem,-6.6922,111.4527,24.1,92,100,2.92,ID,1676500097
177,groa,62.65,8.7167,5.04,79,100,4.86,NO,1676500098
178,khatanga,71.9667,102.5,-15.52,96,100,4.72,RU,1676500099
179,raudeberg,61.9875,5.1352,5.53,58,100,12.72,NO,1676500100
180,antsohihy,-14.8796,47.9875,23.17,96,36,0.75,MG,1676500100
181,the pas,53.8251,-101.2541,-16.99,60,75,7.2,CA,1676500101
182,dikson,73.5069,80.5464,-23.02,97,100,7.13,RU,1676500102
183,udachnyy,66.4167,112.4,-25.01,100,100,1.83,RU,1676499861
184,valparaiso,-33.0393,-71.6273,22.13,60,0,5.14,CL,1676500103
185,kollam,8.8833,76.6,21.51,70,4,3.01,IN,1676500104
186,mount isa,-20.7333,139.5,24.87,65,100,4.12,AU,1676500105
187,teya,60.3778,92.6267,-27.33,100,100,1.45,RU,1676500105
188,berlevag,70.8578,29.0864,1.0,75,0,7.72,NO,1676500106
189,qasigiannguit,68.8193,-51.1922,-13.86,78,100,2.12,GL,1676500107
190,sultanpur,26.2667,82.0667,12.82,49,0,1.94,IN,1676500108
191,ilulissat,69.2167,-51.1,-13.99,40,75,6.17,GL,1676500108
192,maceio,-9.6658,-35.7353,26.69,83,75,4.12,BR,1676500109
193,sangar,63.9242,127.4739,-42.66,100,52,1.39,RU,1676500109
194,guerrero negro,27.9769,-114.0611,15.34,46,100,7.4,MX,1676500110
195,deputatskiy,69.3,139.9,-41.86,96,24,2.34,RU,1676500111
196,leningradskiy,69.3833,178.4167,-33.81,95,95,3.7,RU,1676500112
197,carnarvon,-24.8667,113.6333,22.57,72,0,8.32,AU,1676500113
198,vagamo,61.8751,9.0967,-2.83,100,94,1.76,NO,1676500113
199,hua hin,12.5707,99.9588,24.01,88,20,0.51,TH,1676500114
200,lorengau,-2.0226,147.2712,26.58,80,100,1.05,PG,1676500115
201,innisfail,-17.5333,146.0333,24.25,93,100,2.42,AU,1676499902
202,tchibanga,-2.85,11.0333,21.59,99,93,1.16,GA,1676500117
203,avarua,-21.2078,-159.775,29.03,79,93,2.06,CK,1676500118
204,pangai,-19.8,-174.35,27.06,83,75,2.57,TO,1676500120
205,nurobod,40.9056,69.8023,6.16,90,100,1.05,UZ,1676500121
206,victoria,22.2855,114.1577,15.69,65,85,4.47,HK,1676500067
207,freeport,40.6576,-73.5832,18.05,76,0,8.05,US,1676499990
208,hovd,48.0056,91.6419,-17.86,89,5,0.67,MN,1676500125
209,malakal,9.5334,31.6605,25.65,16,82,5.45,SS,1676500126
210,joniskis,56.2403,23.6153,0.51,92,100,3.32,LT,1676500126
211,banjarmasin,-3.3244,114.591,23.08,96,100,0.76,ID,1676500127
212,rancho palos verdes,33.7445,-118.387,18.21,29,0,2.68,US,1676500128
213,altay,47.8667,88.1167,-10.25,70,42,3.14,CN,1676500128
214,arlit,18.7369,7.3853,16.49,16,69,3.72,NE,1676500129
215,gambela,8.25,34.5833,28.85,28,53,1.43,ET,1676500130
216,bonito,-21.1211,-56.4819,25.13,88,74,1.32,BR,1676500130
217,qui nhon,13.7667,109.2333,22.98,84,68,7.83,VN,1676500131
218,arona,28.0996,-16.681,12.85,56,20,4.12,ES,1676500131
219,ozu,33.5,132.55,3.43,79,9,3.24,JP,1676500132
220,goderich,43.7501,-81.7165,6.18,75,100,5.14,CA,1676499882
221,kieta,-6.2167,155.6333,28.77,72,67,0.89,PG,1676500133
222,kommunisticheskiy,61.6789,64.4819,-19.24,100,99,1.71,RU,1676500134
223,sinnamary,5.3833,-52.95,25.04,90,100,5.5,GF,1676500134
224,northam,51.0333,-4.2167,8.47,95,100,5.63,GB,1676500135
225,saint-pierre,-21.3393,55.4781,23.84,73,40,2.57,RE,1676500135
226,juneau,58.3019,-134.4197,2.34,97,100,6.17,US,1676500136
227,nakhon phanom,17.3333,104.4167,15.24,80,18,2.06,TH,1676500137
228,east london,-33.0153,27.9116,23.19,91,100,4.25,ZA,1676500137
229,lima,-12.0432,-77.0282,26.61,72,100,2.57,PE,1676499423
230,buckeye,33.3703,-112.5838,14.68,22,0,4.63,US,1676500138
231,yabelo,4.8833,38.0833,17.59,28,14,4.64,ET,1676500139
232,katangli,51.7102,143.2326,-23.24,95,18,5.41,RU,1676500140
233,lebu,-37.6167,-73.65,16.25,76,0,9.24,CL,1676500141
234,puerto del rosario,28.5004,-13.8627,13.86,62,20,3.09,ES,1676500142
235,viedma,-40.8135,-62.9967,16.06,49,48,8.56,AR,1676500143
236,teguldet,57.3064,88.1667,-27.21,100,100,0.61,RU,1676500144
237,erice,38.037,12.5865,5.76,93,0,2.06,IT,1676500144
238,baihar,22.1,80.55,15.55,34,0,0.62,IN,1676500145
239,narsaq,60.9167,-46.05,-19.88,69,100,3.92,GL,1676500146
240,skjervoy,70.0311,20.9714,0.0,76,93,6.8,NO,1676500146
241,whyalla,-33.0333,137.5833,27.13,28,0,5.17,AU,1676500147
242,silver city,32.7701,-108.2803,1.06,42,40,11.83,US,1676500148
243,gamba,-2.65,10.0,24.49,88,97,0.93,GA,1676500148
244,erzin,36.9559,36.2,4.23,43,0,2.02,TR,1676500149
245,tommot,58.9564,126.2925,-20.44,100,100,0.92,RU,1676500150
246,saint anthony,45.0205,-93.218,-2.83,71,0,6.17,US,1676500150
247,paka,4.6374,103.4368,22.96,94,92,0.0,MY,1676500151
248,tautira,-17.7333,-149.15,26.92,76,17,3.96,PF,1676500151
249,zurrieq,35.8311,14.4742,7.73,93,20,1.54,MT,1676500152
250,lashio,22.9333,97.75,10.63,51,0,0.88,MM,1676500152
251,saldanha,-33.0117,17.9442,18.03,85,0,10.11,ZA,1676500153
252,oystese,60.3882,6.1925,5.83,99,99,3.19,NO,1676500153
253,tiksi,71.6872,128.8694,-25.26,97,100,3.46,RU,1676500154
254,terra santa,-2.1042,-56.4869,24.88,93,96,1.57,BR,1676500154
255,darhan,49.4867,105.9228,-24.21,100,84,1.82,MN,1676500155
256,aksehir,38.3575,31.4164,-4.75,89,10,0.24,TR,1676500155
257,sovetskiy,61.3614,63.5842,-21.9,100,100,1.47,RU,1676500156
258,vao,-22.6667,167.4833,23.85,62,98,3.73,NC,1676500157
259,grand-santi,4.25,-54.3833,24.04,97,44,2.03,GF,1676500157
260,la ronge,55.1001,-105.2842,-19.86,54,20,4.63,CA,1676500158
261,muravlenko,63.7898,74.523,-15.98,98,52,5.03,RU,1676500158
262,ocos,14.5094,-92.1933,30.1,66,0,5.29,GT,1676500159
263,antalaha,-14.9003,50.2788,22.86,92,14,2.21,MG,1676500160
264,hvide sande,56.0045,8.1294,4.49,92,86,7.25,DK,1676500160
265,kavaratti,10.5669,72.642,26.51,72,6,4.8,IN,1676500161
266,dawei,14.0833,98.2,23.61,81,82,1.9,MM,1676500161
267,imbituba,-28.24,-48.6703,24.58,83,100,2.76,BR,1676500162
268,richards bay,-28.783,32.0377,24.3,92,100,2.63,ZA,1676500162
269,kalmunai,7.4167,81.8167,22.09,78,36,2.28,LK,1676500163
270,asau,46.4333,26.4,1.51,92,24,1.99,RO,1676500163
271,oksfjord,70.2396,22.3479,3.1,92,99,5.35,NO,1676500164
272,lazaro cardenas,17.9583,-102.2,28.28,49,10,5.44,MX,1676500165
273,havre-saint-pierre,50.2334,-63.5986,-1.0,86,100,1.54,CA,1676500165
274,zhangye,38.9342,100.4517,-3.58,48,42,2.07,CN,1676500166
275,sao filipe,14.8961,-24.4956,21.38,72,0,4.49,CV,1676500167
276,kargil,34.5667,76.1,-17.73,86,64,0.89,IN,1676500167
277,alofi,-19.0595,-169.9187,28.94,79,75,4.12,NU,1676500168
278,verkh-tula,54.8839,82.7762,-25.7,76,85,2.0,RU,1676500168
279,zeya,53.75,127.2667,-27.4,100,99,1.26,RU,1676500169
280,laguna,38.421,-121.4238,15.42,28,0,6.69,US,1676500169
281,hambantota,6.1241,81.1185,21.44,81,6,6.08,LK,1676500170
282,codrington,-38.2667,141.9667,24.24,35,100,3.35,AU,1676500171
283,waipawa,-41.4122,175.5153,13.7,95,100,7.06,NZ,1676500171
284,ayagoz,47.9714,80.4392,-19.08,100,97,1.45,KZ,1676500172
285,kailahun,8.2833,-10.5667,24.19,79,51,1.51,SL,1676500172
286,praia da vitoria,38.7333,-27.0667,15.42,72,75,5.19,PT,1676500173
287,mapimi,25.8167,-103.85,25.99,4,0,3.21,MX,1676500173
288,micheweni,-4.9667,39.8333,26.37,79,83,3.71,TZ,1676500174
289,lakes entrance,-37.8811,147.981,25.65,52,53,1.99,AU,1676500174
290,ossora,59.2353,163.0719,-13.61,67,100,7.83,RU,1676500175
291,termoli,41.9888,14.9895,11.54,71,0,2.28,IT,1676500175
292,kroya,-7.6331,109.2461,24.37,86,100,1.68,ID,1676500176
293,kaitangata,-46.2817,169.8464,15.87,72,81,2.86,NZ,1676500176
294,beringovskiy,63.05,179.3167,-29.1,99,100,5.92,RU,1676500177
295,port hedland,-20.3167,118.5667,29.03,51,50,2.06,AU,1676500177
296,charters towers,-20.1,146.2667,22.48,69,100,5.34,AU,1676500178
297,yavaros,26.7,-109.5167,19.12,54,36,4.18,MX,1676500178
298,tilichiki,60.4667,166.1,-23.83,81,100,5.34,RU,1676500179
299,vila,42.0304,-8.1588,6.49,73,73,1.21,PT,1676500179
300,boulder,40.0833,-105.3505,-9.99,78,100,3.6,US,1676500020
301,mareeba,-17.0,145.4333,23.4,96,100,2.12,AU,1676500180
302,petropavlovsk-kamchatskiy,53.0452,158.6483,-5.67,50,40,10.0,RU,1676500180
303,khanpur,28.6453,70.6567,20.69,21,12,3.2,PK,1676500181
304,orlik,52.5178,99.825,-30.02,97,59,1.18,RU,1676500182
305,ciudad bolivar,8.1222,-63.5497,30.04,53,90,7.13,VE,1676500182
306,rio grande,-32.035,-52.0986,25.06,67,33,5.76,BR,1676499947
307,stykkisholmur,65.0757,-22.7297,0.43,78,84,4.85,IS,1676500183
308,pindi gheb,33.2402,72.2661,15.44,45,32,2.04,PK,1676500183
309,vaitape,-16.5167,-151.75,27.72,73,13,5.02,PF,1676500184
310,aneho,6.2333,1.6,29.11,81,46,4.13,TG,1676500184
311,saint-louis,16.3333,-15.0,26.73,22,71,4.95,SN,1676500185
312,hailun,47.45,126.9333,-20.28,93,100,3.29,CN,1676500185
313,yeniseysk,58.4497,92.1703,-29.89,100,100,0.29,RU,1676500186
314,san javier,37.8063,-0.8374,13.84,77,20,5.66,ES,1676500186
315,beian,63.6559,9.5683,6.05,70,0,8.23,NO,1676500187
316,ugoofaaru,5.6667,73.0,26.52,66,80,4.83,MV,1676500187
317,cap malheureux,-19.9842,57.6142,23.59,76,7,4.49,MU,1676500188
318,adrar,20.5022,-10.0711,23.35,17,96,5.05,MR,1676500188
319,kavieng,-2.5744,150.7967,27.82,76,100,2.36,PG,1676500189
320,haines junction,60.7522,-137.5108,-6.03,79,100,0.51,CA,1676500190
321,iqaluit,63.7506,-68.5145,-29.06,68,20,4.92,CA,1676500190
322,mayor pablo lagerenza,-19.9309,-60.7718,30.83,55,100,2.79,PY,1676500191
323,nusaybin,37.0778,41.2178,1.08,54,1,3.33,TR,1676500191
324,dzaoudzi,-12.7887,45.2699,26.94,78,0,2.06,YT,1676500191
325,colquechaca,-18.6667,-66.0167,3.68,79,100,4.05,BO,1676500192
326,bambanglipuro,-7.95,110.2833,24.49,90,100,3.07,ID,1676500192
327,lompoc,34.6391,-120.4579,16.55,48,0,4.63,US,1676500126
328,namatanai,-3.6667,152.4333,28.26,72,93,2.91,PG,1676500193
329,dauphin,51.1494,-100.0502,-15.92,72,100,3.6,CA,1676500194
330,ponta do sol,32.6667,-17.1,15.4,65,73,5.59,PT,1676500194
331,kasempa,-13.4584,25.8338,17.22,96,100,2.43,ZM,1676500195
332,tura,25.5198,90.2201,14.49,39,3,1.3,IN,1676500195
333,dwarka,22.2394,68.9678,21.65,72,1,4.13,IN,1676500196
334,ginir,7.1333,40.7,15.08,26,40,2.48,ET,1676500196
335,bathsheba,13.2167,-59.5167,26.34,73,40,7.72,BB,1676500197
336,batagay-alyta,67.8006,130.4114,-37.32,86,30,1.8,RU,1676500197
337,bastia,42.6667,9.3333,10.17,85,20,2.06,FR,1676500198
338,vallenar,-28.5708,-70.7581,26.42,42,0,3.5,CL,1676500198
339,novikovo,51.1537,37.8879,-9.51,97,75,2.66,RU,1676500199
340,constitucion,-35.3333,-72.4167,19.63,64,6,8.89,CL,1676500200
341,limerick,52.6647,-8.6231,11.16,96,100,6.42,IE,1676500200
342,partenit,44.578,34.3446,-0.15,73,43,3.98,UA,1676500201
343,odweyne,9.4092,45.064,18.79,61,7,3.2,SO,1676500201
344,hasaki,35.7333,140.8333,-0.99,56,39,8.5,JP,1676500203
345,paamiut,61.994,-49.6678,-6.42,73,100,7.52,GL,1676500204
346,chapayevka,47.4711,36.3451,-4.25,96,96,3.61,UA,1676500205
347,uusikaupunki,60.8004,21.4084,0.75,92,100,5.8,FI,1676500206
348,dingle,10.9995,122.6711,23.61,89,92,5.91,PH,1676500207
349,vardo,70.3705,31.1107,-0.01,80,20,7.2,NO,1676500208
350,saint-gilles,43.6766,4.4302,6.08,93,99,0.51,FR,1676500209
351,abapo,-18.8333,-63.4667,19.82,93,99,1.05,BO,1676500209
352,ayan,56.45,138.1667,-23.46,81,7,4.4,RU,1676500211
353,follonica,42.9263,10.7616,12.16,83,3,1.59,IT,1676500212
354,shwebo,22.5667,95.7,18.34,29,0,2.04,MM,1676500213
355,kainantu,-6.2887,145.8655,17.23,94,100,0.49,PG,1676500213
356,chimbote,-9.0853,-78.5783,24.76,74,100,3.47,PE,1676500214
357,port blair,11.6667,92.75,24.68,78,1,4.27,IN,1676500215
358,severo-yeniseyskiy,60.3725,93.0408,-27.52,100,100,1.68,RU,1676500216
359,talnakh,69.4865,88.3972,-16.55,96,100,5.59,RU,1676500217
360,tonj,7.2737,28.6822,26.05,23,66,3.97,SS,1676500218
361,port-de-bouc,43.4,4.9833,6.12,87,0,1.54,FR,1676500219
362,lyman,48.9884,37.8023,-7.37,96,88,3.19,UA,1676500219
363,bereznik,62.8551,42.7072,-22.15,100,99,0.99,RU,1676500221
364,bilma,18.6853,12.9164,16.07,26,6,2.38,NE,1676500222
365,ifakara,-8.1333,36.6833,21.96,93,17,1.11,TZ,1676500222
366,fortuna,40.5982,-124.1573,12.74,57,0,5.66,US,1676500223
367,karatau,43.1667,70.4667,-1.81,97,100,2.43,KZ,1676500224
368,cayenne,4.9333,-52.3333,27.02,83,100,3.6,GF,1676500212
369,oranjemund,-28.55,16.4333,18.26,86,57,6.94,NA,1676500225
370,blairmore,49.6,-114.4353,0.1,40,66,5.66,CA,1676500226
371,majene,-3.5403,118.9707,25.75,80,100,2.46,ID,1676500227
372,omsukchan,62.5333,155.8,-30.64,97,100,2.94,RU,1676500228
373,naron,43.5167,-8.1528,12.04,80,73,1.16,ES,1676500229
374,zhanaozen,43.3,52.8,1.57,86,100,4.69,KZ,1676500230
375,gayny,60.3071,54.3241,-18.4,100,98,1.07,RU,1676500231
376,bulnes,-36.7423,-72.2985,28.42,21,0,6.13,CL,1676500074
377,cacoal,-11.4386,-61.4472,25.35,92,79,2.08,BR,1676500232
378,preeceville,51.95,-102.6677,-15.85,86,92,3.81,CA,1676500233
379,umm kaddadah,13.6017,26.6876,15.25,20,0,9.75,SD,1676500233
380,cherskiy,68.75,161.3,-39.34,98,98,1.22,RU,1676500234
381,saint-francois,46.4154,3.9054,-0.31,86,0,1.03,FR,1676500236
382,acapulco,16.8634,-99.8901,29.9,62,75,2.57,MX,1676500236
383,registro,-24.4875,-47.8436,27.66,72,98,0.24,BR,1676499994
384,kahului,20.8947,-156.47,26.09,64,0,5.14,US,1676500237
385,llangefni,53.2556,-4.3106,9.81,87,100,7.72,GB,1676500238
386,seoul,37.5683,126.9778,2.78,73,75,2.57,KR,1676500091
387,midland,31.9974,-102.0779,22.37,8,0,9.77,US,1676500170
388,pampa,35.5362,-100.9599,10.02,50,40,8.23,US,1676500239
389,moron,-34.6534,-58.6198,31.63,51,26,3.15,AR,1676500240
390,maun,-19.9833,23.4167,21.98,100,100,1.54,BW,1676500241
391,contepec,20.0167,-100.1167,20.62,13,0,5.62,MX,1676500242
392,tuskegee,32.424,-85.6916,22.64,83,100,2.34,US,1676500242
393,batticaloa,7.7102,81.6924,22.83,74,26,1.76,LK,1676500243
394,klaksvik,62.2266,-6.589,4.51,77,100,17.48,FO,1676500243
395,porto santo,33.072,-16.3415,14.21,67,40,8.75,PT,1676500244
396,jacksonville,30.3322,-81.6556,26.14,65,75,7.2,US,1676499970
397,namibe,-15.1961,12.1522,23.02,74,69,2.38,AO,1676500245
398,san ignacio,17.1561,-89.0714,32.08,51,20,3.09,BZ,1676500245
399,wembley,-31.9333,115.8,16.49,90,0,2.57,AU,1676500246
400,muros,42.7762,-9.0603,9.82,85,79,2.6,ES,1676500246
401,coueron,47.2151,-1.7217,9.35,99,75,2.57,FR,1676500247
402,batsfjord,70.6345,29.7185,0.96,86,0,9.77,NO,1676500247
403,yatou,37.15,122.3833,-3.36,64,0,1.02,CN,1676500248
404,kirakira,-10.4544,161.9205,29.48,72,76,1.86,SB,1676500248
405,new philadelphia,40.4898,-81.4457,21.62,28,0,6.17,US,1676500249
406,tlacotalpan,18.6167,-95.6667,28.06,69,10,5.08,MX,1676500249
407,beloha,-25.1667,45.05,23.39,71,6,1.88,MG,1676500250
408,tra vinh,9.9347,106.3453,24.17,70,96,5.04,VN,1676499671
409,palafrugell,41.9174,3.1631,8.57,91,100,0.89,ES,1676500251
410,zlitan,32.4674,14.5687,13.86,60,71,2.95,LY,1676500251
411,green river,41.5286,-109.4662,-8.78,67,100,3.6,US,1676500157
412,maragheh,37.3917,46.2398,-5.43,91,68,1.37,IR,1676500252
413,elizabeth city,36.2946,-76.2511,23.01,52,0,6.17,US,1676500252
414,agadez,19.75,10.25,13.71,21,26,5.42,NE,1676500253
415,mana,5.6592,-53.7767,24.64,92,97,4.89,GF,1676500253
416,corn island,12.1694,-83.0418,26.25,77,3,8.14,NI,1676500254
417,alappuzha,9.49,76.3264,22.15,84,2,2.62,IN,1676500254
418,leh,34.1667,77.5833,-14.32,77,48,1.28,IN,1676500255
419,atar,20.5169,-13.0499,25.38,18,47,4.22,MR,1676500255
420,griffith,41.5284,-87.4237,5.29,74,100,10.29,US,1676500256
421,mehndawal,26.9753,83.1117,12.23,59,0,1.16,IN,1676500256
422,bossangoa,6.4926,17.4552,25.48,19,66,3.55,CF,1676500257
423,eureka,40.8021,-124.1637,12.89,52,20,1.34,US,1676500236
424,grand-lahou,5.1367,-5.0242,26.91,84,45,4.64,CI,1676500258
425,inhambane,-23.865,35.3833,25.76,84,0,4.25,MZ,1676500258
426,fort nelson,58.8053,-122.7002,-12.81,71,100,1.79,CA,1676500259
427,lander,42.833,-108.7307,-6.67,66,0,1.54,US,1676500259
428,aripuana,-9.1667,-60.6333,23.39,98,100,1.34,BR,1676500260
429,araouane,18.9048,-3.5265,23.89,17,93,5.1,ML,1676500260
430,boyolangu,-8.1181,111.8935,23.6,88,96,1.04,ID,1676500261
431,alta floresta,-9.8756,-56.0861,21.26,99,100,0.53,BR,1676500262
432,lamphun,18.25,98.9167,19.3,86,0,0.77,TH,1676500263
433,kristiansund,63.1115,7.732,11.03,66,75,3.6,NO,1676500264
434,kasungu,-13.0333,33.4833,18.66,96,100,1.04,MW,1676500265
435,castanos,26.7833,-101.4167,32.41,10,3,7.9,MX,1676500265
436,mezhdurechensk,53.6942,88.0603,-24.41,99,50,1.33,RU,1676500266
437,luvianos,18.9167,-100.4,27.22,13,8,1.84,MX,1676500267
438,patiya,22.2931,91.9762,12.29,50,0,2.1,BD,1676500267
439,taoudenni,22.6783,-3.9836,23.64,18,100,3.62,ML,1676500268
440,nome,64.5011,-165.4064,-24.91,76,75,2.06,US,1676500269
441,maniitsoq,65.4167,-52.9,-11.26,81,100,8.06,GL,1676500269
442,waddan,29.1614,16.139,9.96,65,44,3.21,LY,1676500270
443,minab,27.1467,57.0801,15.18,72,4,0.0,IR,1676500271
444,rokytne,51.2796,27.214,-0.63,71,22,1.63,UA,1676500272
445,abu samrah,35.3029,37.1841,4.32,56,54,1.28,SY,1676500272
446,phalodi,27.1333,72.3667,20.55,25,8,1.83,IN,1676500273
447,longyearbyen,78.2186,15.6401,-6.09,86,75,5.14,SJ,1676500274
448,huron,41.1501,-82.5499,19.69,58,0,8.23,US,1676500275
449,ahipara,-35.1667,173.1667,19.69,83,12,3.71,NZ,1676500276
450,xianyang,34.3378,108.7026,2.58,100,100,1.0,CN,1676500276
451,basco,20.4487,121.9702,21.39,70,92,14.42,PH,1676500277
452,moindou,-21.6924,165.677,26.18,69,88,3.97,NC,1676500279
453,krasnoye,49.9145,24.6134,-1.55,90,22,2.0,UA,1676500280
454,idanre,7.1127,5.1159,22.79,52,73,0.91,NG,1676500281
455,greeneville,36.1632,-82.831,19.86,70,100,1.54,US,1676500015
456,la reforma,25.0833,-108.05,20.41,50,39,5.4,MX,1676500282
457,severo-kurilsk,50.6789,156.125,-2.72,86,98,14.33,RU,1676500283
458,coquimbo,-29.9533,-71.3436,19.85,72,0,5.66,CL,1676499797
459,college,64.8569,-147.8028,-16.22,77,75,1.54,US,1676500285
460,taoru,28.2167,76.95,14.81,38,0,2.04,IN,1676500287
461,garowe,8.4054,48.4845,18.36,87,3,4.62,SO,1676500288
462,conde,-7.2597,-34.9075,27.7,78,20,4.63,BR,1676500289
463,touros,-5.1989,-35.4608,26.53,79,27,6.1,BR,1676500290
464,honiara,-9.4333,159.95,30.27,68,13,1.2,SB,1676500291
465,otane,-39.8833,176.6333,16.62,91,100,3.87,NZ,1676500291
466,port hardy,50.6996,-127.4199,4.1,87,100,10.8,CA,1676500292
467,soyo,-6.1349,12.3689,26.31,83,81,2.23,AO,1676500293
468,lodja,-3.4833,23.4333,21.22,98,100,0.98,CD,1676500294
469,tongliao,43.6125,122.2653,-9.21,50,91,4.36,CN,1676500294
470,praia,14.9215,-23.5087,20.3,77,20,10.29,CV,1676500296
471,poronaysk,49.2167,143.1167,-20.38,90,19,1.89,RU,1676500297
472,petauke,-14.2426,31.3253,19.2,96,96,1.23,ZM,1676500299
473,itarema,-2.9248,-39.9167,24.69,89,100,3.12,BR,1676500299
474,obzor,42.8167,27.8833,1.82,74,11,2.92,BG,1676500300
475,mount gambier,-37.8333,140.7667,27.43,24,97,3.67,AU,1676500300
476,omis,43.4447,16.6886,7.32,68,0,1.91,HR,1676500301
477,campos,-21.75,-41.3,27.03,74,75,6.17,BR,1676500302
478,yar-sale,66.8333,70.8333,-17.42,94,99,4.44,RU,1676500302
479,asyut,27.181,31.1837,10.1,50,13,4.06,EG,1676500303
480,poplar bluff,36.757,-90.3929,21.88,64,0,3.6,US,1676500304
481,daru,-9.0763,143.2092,24.55,90,100,4.53,PG,1676500304
482,bud,39.447,-86.1758,18.97,54,18,3.13,US,1676500305
483,kibakwe,-6.7167,36.3667,17.74,94,41,1.41,TZ,1676500305
484,talladega,33.4359,-86.1058,21.06,78,100,2.57,US,1676500295
485,goure,13.9835,10.2704,16.77,19,14,6.25,NE,1676500307
486,tual,-5.6667,132.75,27.59,80,100,7.54,ID,1676500307
487,vestmanna,62.1564,-7.1664,3.51,87,100,11.32,FO,1676500308
488,wewak,-3.5534,143.6268,25.59,90,99,3.18,PG,1676500308
489,road town,18.4167,-64.6167,26.05,78,40,3.6,VG,1676500309
490,tendukheda,23.4,79.55,16.7,32,0,1.37,IN,1676500310
491,novyy rogachik,48.6768,44.0608,-13.5,99,78,2.37,RU,1676500310
492,san cristobal,7.7669,-72.225,22.1,84,36,0.13,VE,1676500228
493,savannah bight,16.45,-85.85,26.28,79,0,13.7,HN,1676500311
494,bytow,54.1706,17.4919,0.12,86,91,2.46,PL,1676500311
495,harper,4.375,-7.7169,27.17,83,58,3.63,LR,1676500312
496,taunggyi,20.7833,97.0333,11.05,55,0,1.4,MM,1676500312
497,kilindoni,-7.9139,39.6668,26.88,77,11,4.04,TZ,1676500313
498,gisborne,-38.6533,178.0042,19.77,73,99,4.91,NZ,1676500314
499,gao,16.6362,1.637,19.07,13,73,6.54,ML,1676500314
500,moerai,-22.4333,-151.3333,27.35,69,11,0.64,PF,1676500315
501,tabou,4.423,-7.3528,26.78,85,58,4.11,CI,1676500315
502,xinzhou,38.4092,112.7333,-4.91,91,13,0.28,CN,1676500316
503,xixiang,35.1628,112.865,1.73,64,29,0.8,CN,1676500316
504,lisakovsk,52.5369,62.4936,-9.51,96,100,2.45,KZ,1676500317
505,show low,34.2542,-110.0298,-3.85,66,40,8.23,US,1676500317
506,aswan,24.0934,32.907,11.61,43,0,3.09,EG,1676500318
507,baykit,61.67,96.37,-26.22,100,100,0.67,RU,1676500318
508,zhigansk,66.7697,123.3711,-40.13,100,69,2.64,RU,1676500319
509,mogok,22.9167,96.5,14.05,33,0,1.38,MM,1676500320
510,vila franca do campo,37.7167,-25.4333,12.23,78,48,1.51,PT,1676500321
511,nebbi,2.4783,31.0889,23.76,33,55,2.37,UG,1676500322
512,westport,41.1415,-73.3579,14.77,72,0,2.57,US,1676500322
513,edmonton,53.5501,-113.4687,-3.68,71,100,2.06,CA,1676499617
514,cockburn town,21.4612,-71.1419,24.66,77,8,10.42,TC,1676500323
515,pisco,-13.7,-76.2167,25.03,83,75,4.12,PE,1676500324
516,kempsey,-31.0833,152.8333,22.75,72,39,2.68,AU,1676500325
517,khandyga,62.6667,135.6,-48.48,100,59,0.75,RU,1676500325
518,shelburne,44.0787,-80.2041,7.42,85,92,12.03,CA,1676500327
519,campbellsville,37.3434,-85.3419,20.06,51,98,3.13,US,1676500170
520,sorong,-0.8833,131.25,27.29,78,100,3.68,ID,1676500328
521,asosa,10.0667,34.5333,18.1,31,68,2.92,ET,1676500329
522,bergisch gladbach,50.9833,7.1333,6.88,77,0,1.54,DE,1676500330
523,guano,-1.5833,-78.6333,14.81,81,97,1.19,EC,1676500331
524,sterling,39.0062,-77.4286,20.68,43,100,5.81,US,1676500109
525,bay roberts,47.5999,-53.2648,-2.59,88,8,0.45,CA,1676500269
526,bereda,43.2686,-7.5406,5.81,91,56,0.27,ES,1676500333
527,uvira,-3.4067,29.1458,23.22,73,91,0.69,CD,1676500333
528,bocaiuva,-17.1078,-43.815,26.84,63,64,1.5,BR,1676500334
529,ixtapa,20.7,-105.2,24.57,61,0,5.66,MX,1676500300
530,glace bay,46.1969,-59.957,-0.24,75,75,4.12,CA,1676500235
531,yumen,40.2833,97.2,-3.5,51,35,0.58,CN,1676500336
532,caravelas,-17.7125,-39.2481,25.96,82,100,3.61,BR,1676500337
533,tashla,51.7716,52.7427,-1.1,98,99,4.19,RU,1676500338
534,beisfjord,68.3751,17.5988,5.26,79,100,3.32,NO,1676500339
535,pochutla,15.7432,-96.4661,32.9,53,1,4.65,MX,1676500339
536,teseney,15.11,36.6575,20.03,67,35,4.03,ER,1676500340
537,sakakah,29.9697,40.2064,6.76,50,29,4.04,SA,1676500235
538,grants pass,42.439,-123.3284,9.64,60,0,0.0,US,1676500341
539,sao miguel do araguaia,-13.275,-50.1628,23.32,88,83,2.09,BR,1676500342
540,vanderhoof,54.0166,-124.0198,0.71,76,100,1.46,CA,1676500343
541,nuuk,64.1835,-51.7216,-5.66,68,100,5.66,GL,1676500091
542,waitati,-45.75,170.5667,14.89,74,90,3.58,NZ,1676500344
543,tucuma,-0.1833,-50.05,24.55,94,100,2.74,BR,1676500132
544,sisimiut,66.9395,-53.6735,-12.94,65,100,7.48,GL,1676500346
545,roebourne,-20.7833,117.1333,32.53,30,14,2.08,AU,1676500346
546,camacha,33.0833,-16.3333,12.68,67,40,8.75,PT,1676500347
547,byron bay,-28.65,153.6167,22.75,60,22,3.02,AU,1676500348
548,rockland,41.1668,-74.0496,18.47,53,49,4.87,US,1676500348
549,olafsvik,64.8945,-23.7142,2.89,62,52,8.01,IS,1676500349
550,qidong,31.8128,121.6561,-0.6,73,3,1.3,CN,1676500350
551,lasa,46.6166,10.7002,4.49,40,20,1.02,IT,1676500350
552,comodoro rivadavia,-45.8667,-67.5,14.92,21,40,8.23,AR,1676500351
553,mountain home,43.133,-115.6912,4.71,44,20,8.23,US,1676500352
554,togur,58.3631,82.8265,-21.65,100,97,1.04,RU,1676500352
555,whitehorse,60.7161,-135.0538,-4.39,85,100,5.36,CA,1676500254
556,kashi,39.4547,75.9797,1.56,80,100,1.0,CN,1676500354
557,marawi,7.9986,124.2928,19.71,95,96,0.91,PH,1676500354
558,san jose,37.3394,-121.895,15.74,31,0,6.69,US,1676500046
